Institute Name,Contact Person,Phone Number,Area / City,Status (Follow-up/Interested/Won),Meeting Date
"Example Public School", "Mr. Sharma (Principal)", "9876543210", "Bhagalpur", "Interested - call next Monday", "10-March-2026"
"Super 30 Coaching", "Rahul Sir", "9998887776", "Naugachiya", "Meeting fixed", "12-March-2026"
"", "", "", "", "", ""
"", "", "", "", "", ""
"", "", "", "", "", ""
"", "", "", "", "", ""
"", "", "", "", "", ""
"", "", "", "", "", ""
"", "", "", "", "", ""
"", "", "", "", "", ""
